#Partner hier bedeutet die Partner, von denen der Agent Status Info bekommt.
#Handeltag;AgentName;Typ;Kommunikation;Beschreibung;Abschlag;MovingDays;RelativeGewinn;RelativeGewinnPozent;AbsoluteGewinn;AbsoluteGewinnPozent;PartnerName;Typ;AbschlagProzent;Movingsdays;RelativeGewinn;RelativeGewinnProzent;
00001;V38;Investor;Keine Kommunikation; so konfiguriert dass er keinen Einfluss von anderen NoiseTrader hat;
00002;V38;Investor;Keine Kommunikation; so konfiguriert dass er keinen Einfluss von anderen NoiseTrader hat;
00003;V38;Investor;Keine Kommunikation; so konfiguriert dass er keinen Einfluss von anderen NoiseTrader hat;
00004;V38;Investor;Keine Kommunikation; so konfiguriert dass er keinen Einfluss von anderen NoiseTrader hat;
00005;V38;Investor;Keine Kommunikation; so konfiguriert dass er keinen Einfluss von anderen NoiseTrader hat;
00006;V38;Investor;Keine Kommunikation; so konfiguriert dass er keinen Einfluss von anderen NoiseTrader hat;
00007;V38;Investor;Keine Kommunikation; so konfiguriert dass er keinen Einfluss von anderen NoiseTrader hat;
00008;V38;Investor;Keine Kommunikation; so konfiguriert dass er keinen Einfluss von anderen NoiseTrader hat;
00009;V38;Investor;Keine Kommunikation; so konfiguriert dass er keinen Einfluss von anderen NoiseTrader hat;
000010;V38;Investor;Keine Kommunikation; so konfiguriert dass er keinen Einfluss von anderen NoiseTrader hat;
000011;V38;Investor;Keine Kommunikation; so konfiguriert dass er keinen Einfluss von anderen NoiseTrader hat;
000012;V38;Investor;Keine Kommunikation; so konfiguriert dass er keinen Einfluss von anderen NoiseTrader hat;
000013;V38;Investor;Keine Kommunikation; so konfiguriert dass er keinen Einfluss von anderen NoiseTrader hat;
000014;V38;Investor;Keine Kommunikation; so konfiguriert dass er keinen Einfluss von anderen NoiseTrader hat;
000015;V38;Investor;Keine Kommunikation; so konfiguriert dass er keinen Einfluss von anderen NoiseTrader hat;
000016;V38;Investor;Keine Kommunikation; so konfiguriert dass er keinen Einfluss von anderen NoiseTrader hat;
000017;V38;Investor;Keine Kommunikation; so konfiguriert dass er keinen Einfluss von anderen NoiseTrader hat;
000018;V38;Investor;Keine Kommunikation; so konfiguriert dass er keinen Einfluss von anderen NoiseTrader hat;
000019;V38;Investor;Keine Kommunikation; so konfiguriert dass er keinen Einfluss von anderen NoiseTrader hat;
000020;V38;Investor;Keine Kommunikation; so konfiguriert dass er keinen Einfluss von anderen NoiseTrader hat;
000021;V38;Investor;Keine Kommunikation; so konfiguriert dass er keinen Einfluss von anderen NoiseTrader hat;
000022;V38;Investor;Keine Kommunikation; so konfiguriert dass er keinen Einfluss von anderen NoiseTrader hat;
000023;V38;Investor;Keine Kommunikation; so konfiguriert dass er keinen Einfluss von anderen NoiseTrader hat;
000024;V38;Investor;Keine Kommunikation; so konfiguriert dass er keinen Einfluss von anderen NoiseTrader hat;
000025;V38;Investor;Keine Kommunikation; so konfiguriert dass er keinen Einfluss von anderen NoiseTrader hat;
000026;V38;Investor;Keine Kommunikation; so konfiguriert dass er keinen Einfluss von anderen NoiseTrader hat;
000027;V38;Investor;Keine Kommunikation; so konfiguriert dass er keinen Einfluss von anderen NoiseTrader hat;
000028;V38;Investor;Keine Kommunikation; so konfiguriert dass er keinen Einfluss von anderen NoiseTrader hat;
000029;V38;Investor;Keine Kommunikation; so konfiguriert dass er keinen Einfluss von anderen NoiseTrader hat;
000030;V38;Investor;Keine Kommunikation; so konfiguriert dass er keinen Einfluss von anderen NoiseTrader hat;
000031;V38;Investor;Keine Kommunikation; so konfiguriert dass er keinen Einfluss von anderen NoiseTrader hat;
000032;V38;Investor;Keine Kommunikation; so konfiguriert dass er keinen Einfluss von anderen NoiseTrader hat;
000033;V38;Investor;Keine Kommunikation; so konfiguriert dass er keinen Einfluss von anderen NoiseTrader hat;
000034;V38;Investor;Keine Kommunikation; so konfiguriert dass er keinen Einfluss von anderen NoiseTrader hat;
000035;V38;Investor;Keine Kommunikation; so konfiguriert dass er keinen Einfluss von anderen NoiseTrader hat;
000036;V38;Investor;Keine Kommunikation; so konfiguriert dass er keinen Einfluss von anderen NoiseTrader hat;
000037;V38;Investor;Keine Kommunikation; so konfiguriert dass er keinen Einfluss von anderen NoiseTrader hat;
000038;V38;Investor;Keine Kommunikation; so konfiguriert dass er keinen Einfluss von anderen NoiseTrader hat;
000039;V38;Investor;Keine Kommunikation; so konfiguriert dass er keinen Einfluss von anderen NoiseTrader hat;
000040;V38;Investor;Keine Kommunikation; so konfiguriert dass er keinen Einfluss von anderen NoiseTrader hat;
000041;V38;Investor;Keine Kommunikation; so konfiguriert dass er keinen Einfluss von anderen NoiseTrader hat;
000042;V38;Investor;Keine Kommunikation; so konfiguriert dass er keinen Einfluss von anderen NoiseTrader hat;
000043;V38;Investor;Keine Kommunikation; so konfiguriert dass er keinen Einfluss von anderen NoiseTrader hat;
000044;V38;Investor;Keine Kommunikation; so konfiguriert dass er keinen Einfluss von anderen NoiseTrader hat;
000045;V38;Investor;Keine Kommunikation; so konfiguriert dass er keinen Einfluss von anderen NoiseTrader hat;
000046;V38;Investor;Keine Kommunikation; so konfiguriert dass er keinen Einfluss von anderen NoiseTrader hat;
000047;V38;Investor;Keine Kommunikation; so konfiguriert dass er keinen Einfluss von anderen NoiseTrader hat;
000048;V38;Investor;Keine Kommunikation; so konfiguriert dass er keinen Einfluss von anderen NoiseTrader hat;
000049;V38;Investor;Keine Kommunikation; so konfiguriert dass er keinen Einfluss von anderen NoiseTrader hat;
000050;V38;Investor;Keine Kommunikation; so konfiguriert dass er keinen Einfluss von anderen NoiseTrader hat;
000051;V38;Investor;Keine Kommunikation; so konfiguriert dass er keinen Einfluss von anderen NoiseTrader hat;
000052;V38;Investor;Keine Kommunikation; so konfiguriert dass er keinen Einfluss von anderen NoiseTrader hat;
000053;V38;Investor;Keine Kommunikation; so konfiguriert dass er keinen Einfluss von anderen NoiseTrader hat;
000054;V38;Investor;Keine Kommunikation; so konfiguriert dass er keinen Einfluss von anderen NoiseTrader hat;
000055;V38;Investor;Keine Kommunikation; so konfiguriert dass er keinen Einfluss von anderen NoiseTrader hat;
000056;V38;Investor;Keine Kommunikation; so konfiguriert dass er keinen Einfluss von anderen NoiseTrader hat;
000057;V38;Investor;Keine Kommunikation; so konfiguriert dass er keinen Einfluss von anderen NoiseTrader hat;
000058;V38;Investor;Keine Kommunikation; so konfiguriert dass er keinen Einfluss von anderen NoiseTrader hat;
000059;V38;Investor;Keine Kommunikation; so konfiguriert dass er keinen Einfluss von anderen NoiseTrader hat;
000060;V38;Investor;Keine Kommunikation; so konfiguriert dass er keinen Einfluss von anderen NoiseTrader hat;
000061;V38;Investor;Keine Kommunikation; so konfiguriert dass er keinen Einfluss von anderen NoiseTrader hat;
000062;V38;Investor;Keine Kommunikation; so konfiguriert dass er keinen Einfluss von anderen NoiseTrader hat;
000063;V38;Investor;Keine Kommunikation; so konfiguriert dass er keinen Einfluss von anderen NoiseTrader hat;
000064;V38;Investor;Keine Kommunikation; so konfiguriert dass er keinen Einfluss von anderen NoiseTrader hat;
000065;V38;Investor;Keine Kommunikation; so konfiguriert dass er keinen Einfluss von anderen NoiseTrader hat;
000066;V38;Investor;Keine Kommunikation; so konfiguriert dass er keinen Einfluss von anderen NoiseTrader hat;
000067;V38;Investor;Keine Kommunikation; so konfiguriert dass er keinen Einfluss von anderen NoiseTrader hat;
000068;V38;Investor;Keine Kommunikation; so konfiguriert dass er keinen Einfluss von anderen NoiseTrader hat;
000069;V38;Investor;Keine Kommunikation; so konfiguriert dass er keinen Einfluss von anderen NoiseTrader hat;
000070;V38;Investor;Keine Kommunikation; so konfiguriert dass er keinen Einfluss von anderen NoiseTrader hat;
000071;V38;Investor;Keine Kommunikation; so konfiguriert dass er keinen Einfluss von anderen NoiseTrader hat;
000072;V38;Investor;Keine Kommunikation; so konfiguriert dass er keinen Einfluss von anderen NoiseTrader hat;
000073;V38;Investor;Keine Kommunikation; so konfiguriert dass er keinen Einfluss von anderen NoiseTrader hat;
000074;V38;Investor;Keine Kommunikation; so konfiguriert dass er keinen Einfluss von anderen NoiseTrader hat;
000075;V38;Investor;Keine Kommunikation; so konfiguriert dass er keinen Einfluss von anderen NoiseTrader hat;
000076;V38;Investor;Keine Kommunikation; so konfiguriert dass er keinen Einfluss von anderen NoiseTrader hat;
000077;V38;Investor;Keine Kommunikation; so konfiguriert dass er keinen Einfluss von anderen NoiseTrader hat;
000078;V38;Investor;Keine Kommunikation; so konfiguriert dass er keinen Einfluss von anderen NoiseTrader hat;
000079;V38;Investor;Keine Kommunikation; so konfiguriert dass er keinen Einfluss von anderen NoiseTrader hat;
000080;V38;Investor;Keine Kommunikation; so konfiguriert dass er keinen Einfluss von anderen NoiseTrader hat;
000081;V38;Investor;Keine Kommunikation; so konfiguriert dass er keinen Einfluss von anderen NoiseTrader hat;
000082;V38;Investor;Keine Kommunikation; so konfiguriert dass er keinen Einfluss von anderen NoiseTrader hat;
000083;V38;Investor;Keine Kommunikation; so konfiguriert dass er keinen Einfluss von anderen NoiseTrader hat;
000084;V38;Investor;Keine Kommunikation; so konfiguriert dass er keinen Einfluss von anderen NoiseTrader hat;
000085;V38;Investor;Keine Kommunikation; so konfiguriert dass er keinen Einfluss von anderen NoiseTrader hat;
000086;V38;Investor;Keine Kommunikation; so konfiguriert dass er keinen Einfluss von anderen NoiseTrader hat;
000087;V38;Investor;Keine Kommunikation; so konfiguriert dass er keinen Einfluss von anderen NoiseTrader hat;
000088;V38;Investor;Keine Kommunikation; so konfiguriert dass er keinen Einfluss von anderen NoiseTrader hat;
000089;V38;Investor;Keine Kommunikation; so konfiguriert dass er keinen Einfluss von anderen NoiseTrader hat;
000090;V38;Investor;Keine Kommunikation; so konfiguriert dass er keinen Einfluss von anderen NoiseTrader hat;
000091;V38;Investor;Keine Kommunikation; so konfiguriert dass er keinen Einfluss von anderen NoiseTrader hat;
000092;V38;Investor;Keine Kommunikation; so konfiguriert dass er keinen Einfluss von anderen NoiseTrader hat;
000093;V38;Investor;Keine Kommunikation; so konfiguriert dass er keinen Einfluss von anderen NoiseTrader hat;
000094;V38;Investor;Keine Kommunikation; so konfiguriert dass er keinen Einfluss von anderen NoiseTrader hat;
000095;V38;Investor;Keine Kommunikation; so konfiguriert dass er keinen Einfluss von anderen NoiseTrader hat;
000096;V38;Investor;Keine Kommunikation; so konfiguriert dass er keinen Einfluss von anderen NoiseTrader hat;
000097;V38;Investor;Keine Kommunikation; so konfiguriert dass er keinen Einfluss von anderen NoiseTrader hat;
000098;V38;Investor;Keine Kommunikation; so konfiguriert dass er keinen Einfluss von anderen NoiseTrader hat;
000099;V38;Investor;Keine Kommunikation; so konfiguriert dass er keinen Einfluss von anderen NoiseTrader hat;
0000100;V38;Investor;Keine Kommunikation; so konfiguriert dass er keinen Einfluss von anderen NoiseTrader hat;
0000101;V38;Investor;Keine Kommunikation; so konfiguriert dass er keinen Einfluss von anderen NoiseTrader hat;
0000102;V38;Investor;Keine Kommunikation; so konfiguriert dass er keinen Einfluss von anderen NoiseTrader hat;
0000103;V38;Investor;Keine Kommunikation; so konfiguriert dass er keinen Einfluss von anderen NoiseTrader hat;
0000104;V38;Investor;Keine Kommunikation; so konfiguriert dass er keinen Einfluss von anderen NoiseTrader hat;
0000105;V38;Investor;Keine Kommunikation; so konfiguriert dass er keinen Einfluss von anderen NoiseTrader hat;
0000106;V38;Investor;Keine Kommunikation; so konfiguriert dass er keinen Einfluss von anderen NoiseTrader hat;
0000107;V38;Investor;Keine Kommunikation; so konfiguriert dass er keinen Einfluss von anderen NoiseTrader hat;
0000108;V38;Investor;Keine Kommunikation; so konfiguriert dass er keinen Einfluss von anderen NoiseTrader hat;
0000109;V38;Investor;Keine Kommunikation; so konfiguriert dass er keinen Einfluss von anderen NoiseTrader hat;
0000110;V38;Investor;Keine Kommunikation; so konfiguriert dass er keinen Einfluss von anderen NoiseTrader hat;
0000111;V38;Investor;Keine Kommunikation; so konfiguriert dass er keinen Einfluss von anderen NoiseTrader hat;
0000112;V38;Investor;Keine Kommunikation; so konfiguriert dass er keinen Einfluss von anderen NoiseTrader hat;
0000113;V38;Investor;Keine Kommunikation; so konfiguriert dass er keinen Einfluss von anderen NoiseTrader hat;
0000114;V38;Investor;Keine Kommunikation; so konfiguriert dass er keinen Einfluss von anderen NoiseTrader hat;
0000115;V38;Investor;Keine Kommunikation; so konfiguriert dass er keinen Einfluss von anderen NoiseTrader hat;
0000116;V38;Investor;Keine Kommunikation; so konfiguriert dass er keinen Einfluss von anderen NoiseTrader hat;
0000117;V38;Investor;Keine Kommunikation; so konfiguriert dass er keinen Einfluss von anderen NoiseTrader hat;
0000118;V38;Investor;Keine Kommunikation; so konfiguriert dass er keinen Einfluss von anderen NoiseTrader hat;
0000119;V38;Investor;Keine Kommunikation; so konfiguriert dass er keinen Einfluss von anderen NoiseTrader hat;
0000120;V38;Investor;Keine Kommunikation; so konfiguriert dass er keinen Einfluss von anderen NoiseTrader hat;
0000121;V38;Investor;Keine Kommunikation; so konfiguriert dass er keinen Einfluss von anderen NoiseTrader hat;
0000122;V38;Investor;Keine Kommunikation; so konfiguriert dass er keinen Einfluss von anderen NoiseTrader hat;
0000123;V38;Investor;Keine Kommunikation; so konfiguriert dass er keinen Einfluss von anderen NoiseTrader hat;
0000124;V38;Investor;Keine Kommunikation; so konfiguriert dass er keinen Einfluss von anderen NoiseTrader hat;
0000125;V38;Investor;Keine Kommunikation; so konfiguriert dass er keinen Einfluss von anderen NoiseTrader hat;
0000126;V38;Investor;Keine Kommunikation; so konfiguriert dass er keinen Einfluss von anderen NoiseTrader hat;
0000127;V38;Investor;Keine Kommunikation; so konfiguriert dass er keinen Einfluss von anderen NoiseTrader hat;
0000128;V38;Investor;Keine Kommunikation; so konfiguriert dass er keinen Einfluss von anderen NoiseTrader hat;
0000129;V38;Investor;Keine Kommunikation; so konfiguriert dass er keinen Einfluss von anderen NoiseTrader hat;
0000130;V38;Investor;Keine Kommunikation; so konfiguriert dass er keinen Einfluss von anderen NoiseTrader hat;
0000131;V38;Investor;Keine Kommunikation; so konfiguriert dass er keinen Einfluss von anderen NoiseTrader hat;
0000132;V38;Investor;Keine Kommunikation; so konfiguriert dass er keinen Einfluss von anderen NoiseTrader hat;
0000133;V38;Investor;Keine Kommunikation; so konfiguriert dass er keinen Einfluss von anderen NoiseTrader hat;
0000134;V38;Investor;Keine Kommunikation; so konfiguriert dass er keinen Einfluss von anderen NoiseTrader hat;
0000135;V38;Investor;Keine Kommunikation; so konfiguriert dass er keinen Einfluss von anderen NoiseTrader hat;
0000136;V38;Investor;Keine Kommunikation; so konfiguriert dass er keinen Einfluss von anderen NoiseTrader hat;
0000137;V38;Investor;Keine Kommunikation; so konfiguriert dass er keinen Einfluss von anderen NoiseTrader hat;
0000138;V38;Investor;Keine Kommunikation; so konfiguriert dass er keinen Einfluss von anderen NoiseTrader hat;
0000139;V38;Investor;Keine Kommunikation; so konfiguriert dass er keinen Einfluss von anderen NoiseTrader hat;
0000140;V38;Investor;Keine Kommunikation; so konfiguriert dass er keinen Einfluss von anderen NoiseTrader hat;
0000141;V38;Investor;Keine Kommunikation; so konfiguriert dass er keinen Einfluss von anderen NoiseTrader hat;
0000142;V38;Investor;Keine Kommunikation; so konfiguriert dass er keinen Einfluss von anderen NoiseTrader hat;
0000143;V38;Investor;Keine Kommunikation; so konfiguriert dass er keinen Einfluss von anderen NoiseTrader hat;
0000144;V38;Investor;Keine Kommunikation; so konfiguriert dass er keinen Einfluss von anderen NoiseTrader hat;
0000145;V38;Investor;Keine Kommunikation; so konfiguriert dass er keinen Einfluss von anderen NoiseTrader hat;
0000146;V38;Investor;Keine Kommunikation; so konfiguriert dass er keinen Einfluss von anderen NoiseTrader hat;
0000147;V38;Investor;Keine Kommunikation; so konfiguriert dass er keinen Einfluss von anderen NoiseTrader hat;
0000148;V38;Investor;Keine Kommunikation; so konfiguriert dass er keinen Einfluss von anderen NoiseTrader hat;
0000149;V38;Investor;Keine Kommunikation; so konfiguriert dass er keinen Einfluss von anderen NoiseTrader hat;
0000150;V38;Investor;Keine Kommunikation; so konfiguriert dass er keinen Einfluss von anderen NoiseTrader hat;
0000151;V38;Investor;Keine Kommunikation; so konfiguriert dass er keinen Einfluss von anderen NoiseTrader hat;
0000152;V38;Investor;Keine Kommunikation; so konfiguriert dass er keinen Einfluss von anderen NoiseTrader hat;
0000153;V38;Investor;Keine Kommunikation; so konfiguriert dass er keinen Einfluss von anderen NoiseTrader hat;
0000154;V38;Investor;Keine Kommunikation; so konfiguriert dass er keinen Einfluss von anderen NoiseTrader hat;
0000155;V38;Investor;Keine Kommunikation; so konfiguriert dass er keinen Einfluss von anderen NoiseTrader hat;
0000156;V38;Investor;Keine Kommunikation; so konfiguriert dass er keinen Einfluss von anderen NoiseTrader hat;
0000157;V38;Investor;Keine Kommunikation; so konfiguriert dass er keinen Einfluss von anderen NoiseTrader hat;
0000158;V38;Investor;Keine Kommunikation; so konfiguriert dass er keinen Einfluss von anderen NoiseTrader hat;
0000159;V38;Investor;Keine Kommunikation; so konfiguriert dass er keinen Einfluss von anderen NoiseTrader hat;
0000160;V38;Investor;Keine Kommunikation; so konfiguriert dass er keinen Einfluss von anderen NoiseTrader hat;
0000161;V38;Investor;Keine Kommunikation; so konfiguriert dass er keinen Einfluss von anderen NoiseTrader hat;
0000162;V38;Investor;Keine Kommunikation; so konfiguriert dass er keinen Einfluss von anderen NoiseTrader hat;
0000163;V38;Investor;Keine Kommunikation; so konfiguriert dass er keinen Einfluss von anderen NoiseTrader hat;
0000164;V38;Investor;Keine Kommunikation; so konfiguriert dass er keinen Einfluss von anderen NoiseTrader hat;
0000165;V38;Investor;Keine Kommunikation; so konfiguriert dass er keinen Einfluss von anderen NoiseTrader hat;
0000166;V38;Investor;Keine Kommunikation; so konfiguriert dass er keinen Einfluss von anderen NoiseTrader hat;
0000167;V38;Investor;Keine Kommunikation; so konfiguriert dass er keinen Einfluss von anderen NoiseTrader hat;
0000168;V38;Investor;Keine Kommunikation; so konfiguriert dass er keinen Einfluss von anderen NoiseTrader hat;
0000169;V38;Investor;Keine Kommunikation; so konfiguriert dass er keinen Einfluss von anderen NoiseTrader hat;
0000170;V38;Investor;Keine Kommunikation; so konfiguriert dass er keinen Einfluss von anderen NoiseTrader hat;
0000171;V38;Investor;Keine Kommunikation; so konfiguriert dass er keinen Einfluss von anderen NoiseTrader hat;
0000172;V38;Investor;Keine Kommunikation; so konfiguriert dass er keinen Einfluss von anderen NoiseTrader hat;
0000173;V38;Investor;Keine Kommunikation; so konfiguriert dass er keinen Einfluss von anderen NoiseTrader hat;
0000174;V38;Investor;Keine Kommunikation; so konfiguriert dass er keinen Einfluss von anderen NoiseTrader hat;
0000175;V38;Investor;Keine Kommunikation; so konfiguriert dass er keinen Einfluss von anderen NoiseTrader hat;
0000176;V38;Investor;Keine Kommunikation; so konfiguriert dass er keinen Einfluss von anderen NoiseTrader hat;
0000177;V38;Investor;Keine Kommunikation; so konfiguriert dass er keinen Einfluss von anderen NoiseTrader hat;
0000178;V38;Investor;Keine Kommunikation; so konfiguriert dass er keinen Einfluss von anderen NoiseTrader hat;
0000179;V38;Investor;Keine Kommunikation; so konfiguriert dass er keinen Einfluss von anderen NoiseTrader hat;
0000180;V38;Investor;Keine Kommunikation; so konfiguriert dass er keinen Einfluss von anderen NoiseTrader hat;
0000181;V38;Investor;Keine Kommunikation; so konfiguriert dass er keinen Einfluss von anderen NoiseTrader hat;
0000182;V38;Investor;Keine Kommunikation; so konfiguriert dass er keinen Einfluss von anderen NoiseTrader hat;
0000183;V38;Investor;Keine Kommunikation; so konfiguriert dass er keinen Einfluss von anderen NoiseTrader hat;
0000184;V38;Investor;Keine Kommunikation; so konfiguriert dass er keinen Einfluss von anderen NoiseTrader hat;
0000185;V38;Investor;Keine Kommunikation; so konfiguriert dass er keinen Einfluss von anderen NoiseTrader hat;
0000186;V38;Investor;Keine Kommunikation; so konfiguriert dass er keinen Einfluss von anderen NoiseTrader hat;
0000187;V38;Investor;Keine Kommunikation; so konfiguriert dass er keinen Einfluss von anderen NoiseTrader hat;
0000188;V38;Investor;Keine Kommunikation; so konfiguriert dass er keinen Einfluss von anderen NoiseTrader hat;
0000189;V38;Investor;Keine Kommunikation; so konfiguriert dass er keinen Einfluss von anderen NoiseTrader hat;
0000190;V38;Investor;Keine Kommunikation; so konfiguriert dass er keinen Einfluss von anderen NoiseTrader hat;
0000191;V38;Investor;Keine Kommunikation; so konfiguriert dass er keinen Einfluss von anderen NoiseTrader hat;
0000192;V38;Investor;Keine Kommunikation; so konfiguriert dass er keinen Einfluss von anderen NoiseTrader hat;
0000193;V38;Investor;Keine Kommunikation; so konfiguriert dass er keinen Einfluss von anderen NoiseTrader hat;
0000194;V38;Investor;Keine Kommunikation; so konfiguriert dass er keinen Einfluss von anderen NoiseTrader hat;
0000195;V38;Investor;Keine Kommunikation; so konfiguriert dass er keinen Einfluss von anderen NoiseTrader hat;
0000196;V38;Investor;Keine Kommunikation; so konfiguriert dass er keinen Einfluss von anderen NoiseTrader hat;
0000197;V38;Investor;Keine Kommunikation; so konfiguriert dass er keinen Einfluss von anderen NoiseTrader hat;
0000198;V38;Investor;Keine Kommunikation; so konfiguriert dass er keinen Einfluss von anderen NoiseTrader hat;
0000199;V38;Investor;Keine Kommunikation; so konfiguriert dass er keinen Einfluss von anderen NoiseTrader hat;
0000200;V38;Investor;Keine Kommunikation; so konfiguriert dass er keinen Einfluss von anderen NoiseTrader hat;
0000201;V38;Investor;Keine Kommunikation; so konfiguriert dass er keinen Einfluss von anderen NoiseTrader hat;
0000202;V38;Investor;Keine Kommunikation; so konfiguriert dass er keinen Einfluss von anderen NoiseTrader hat;
0000203;V38;Investor;Keine Kommunikation; so konfiguriert dass er keinen Einfluss von anderen NoiseTrader hat;
0000204;V38;Investor;Keine Kommunikation; so konfiguriert dass er keinen Einfluss von anderen NoiseTrader hat;
0000205;V38;Investor;Keine Kommunikation; so konfiguriert dass er keinen Einfluss von anderen NoiseTrader hat;
0000206;V38;Investor;Keine Kommunikation; so konfiguriert dass er keinen Einfluss von anderen NoiseTrader hat;
0000207;V38;Investor;Keine Kommunikation; so konfiguriert dass er keinen Einfluss von anderen NoiseTrader hat;
0000208;V38;Investor;Keine Kommunikation; so konfiguriert dass er keinen Einfluss von anderen NoiseTrader hat;
0000209;V38;Investor;Keine Kommunikation; so konfiguriert dass er keinen Einfluss von anderen NoiseTrader hat;
0000210;V38;Investor;Keine Kommunikation; so konfiguriert dass er keinen Einfluss von anderen NoiseTrader hat;
0000211;V38;Investor;Keine Kommunikation; so konfiguriert dass er keinen Einfluss von anderen NoiseTrader hat;
0000212;V38;Investor;Keine Kommunikation; so konfiguriert dass er keinen Einfluss von anderen NoiseTrader hat;
0000213;V38;Investor;Keine Kommunikation; so konfiguriert dass er keinen Einfluss von anderen NoiseTrader hat;
0000214;V38;Investor;Keine Kommunikation; so konfiguriert dass er keinen Einfluss von anderen NoiseTrader hat;
0000215;V38;Investor;Keine Kommunikation; so konfiguriert dass er keinen Einfluss von anderen NoiseTrader hat;
0000216;V38;Investor;Keine Kommunikation; so konfiguriert dass er keinen Einfluss von anderen NoiseTrader hat;
0000217;V38;Investor;Keine Kommunikation; so konfiguriert dass er keinen Einfluss von anderen NoiseTrader hat;
0000218;V38;Investor;Keine Kommunikation; so konfiguriert dass er keinen Einfluss von anderen NoiseTrader hat;
0000219;V38;Investor;Keine Kommunikation; so konfiguriert dass er keinen Einfluss von anderen NoiseTrader hat;
0000220;V38;Investor;Keine Kommunikation; so konfiguriert dass er keinen Einfluss von anderen NoiseTrader hat;
0000221;V38;Investor;Keine Kommunikation; so konfiguriert dass er keinen Einfluss von anderen NoiseTrader hat;
0000222;V38;Investor;Keine Kommunikation; so konfiguriert dass er keinen Einfluss von anderen NoiseTrader hat;
0000223;V38;Investor;Keine Kommunikation; so konfiguriert dass er keinen Einfluss von anderen NoiseTrader hat;
0000224;V38;Investor;Keine Kommunikation; so konfiguriert dass er keinen Einfluss von anderen NoiseTrader hat;
0000225;V38;Investor;Keine Kommunikation; so konfiguriert dass er keinen Einfluss von anderen NoiseTrader hat;
0000226;V38;Investor;Keine Kommunikation; so konfiguriert dass er keinen Einfluss von anderen NoiseTrader hat;
0000227;V38;Investor;Keine Kommunikation; so konfiguriert dass er keinen Einfluss von anderen NoiseTrader hat;
0000228;V38;Investor;Keine Kommunikation; so konfiguriert dass er keinen Einfluss von anderen NoiseTrader hat;
0000229;V38;Investor;Keine Kommunikation; so konfiguriert dass er keinen Einfluss von anderen NoiseTrader hat;
0000230;V38;Investor;Keine Kommunikation; so konfiguriert dass er keinen Einfluss von anderen NoiseTrader hat;
0000231;V38;Investor;Keine Kommunikation; so konfiguriert dass er keinen Einfluss von anderen NoiseTrader hat;
0000232;V38;Investor;Keine Kommunikation; so konfiguriert dass er keinen Einfluss von anderen NoiseTrader hat;
0000233;V38;Investor;Keine Kommunikation; so konfiguriert dass er keinen Einfluss von anderen NoiseTrader hat;
0000234;V38;Investor;Keine Kommunikation; so konfiguriert dass er keinen Einfluss von anderen NoiseTrader hat;
0000235;V38;Investor;Keine Kommunikation; so konfiguriert dass er keinen Einfluss von anderen NoiseTrader hat;
0000236;V38;Investor;Keine Kommunikation; so konfiguriert dass er keinen Einfluss von anderen NoiseTrader hat;
0000237;V38;Investor;Keine Kommunikation; so konfiguriert dass er keinen Einfluss von anderen NoiseTrader hat;
0000238;V38;Investor;Keine Kommunikation; so konfiguriert dass er keinen Einfluss von anderen NoiseTrader hat;
0000239;V38;Investor;Keine Kommunikation; so konfiguriert dass er keinen Einfluss von anderen NoiseTrader hat;
0000240;V38;Investor;Keine Kommunikation; so konfiguriert dass er keinen Einfluss von anderen NoiseTrader hat;
0000241;V38;Investor;Keine Kommunikation; so konfiguriert dass er keinen Einfluss von anderen NoiseTrader hat;
0000242;V38;Investor;Keine Kommunikation; so konfiguriert dass er keinen Einfluss von anderen NoiseTrader hat;
0000243;V38;Investor;Keine Kommunikation; so konfiguriert dass er keinen Einfluss von anderen NoiseTrader hat;
0000244;V38;Investor;Keine Kommunikation; so konfiguriert dass er keinen Einfluss von anderen NoiseTrader hat;
0000245;V38;Investor;Keine Kommunikation; so konfiguriert dass er keinen Einfluss von anderen NoiseTrader hat;
0000246;V38;Investor;Keine Kommunikation; so konfiguriert dass er keinen Einfluss von anderen NoiseTrader hat;
0000247;V38;Investor;Keine Kommunikation; so konfiguriert dass er keinen Einfluss von anderen NoiseTrader hat;
0000248;V38;Investor;Keine Kommunikation; so konfiguriert dass er keinen Einfluss von anderen NoiseTrader hat;
0000249;V38;Investor;Keine Kommunikation; so konfiguriert dass er keinen Einfluss von anderen NoiseTrader hat;
0000250;V38;Investor;Keine Kommunikation; so konfiguriert dass er keinen Einfluss von anderen NoiseTrader hat;
0000251;V38;Investor;Keine Kommunikation; so konfiguriert dass er keinen Einfluss von anderen NoiseTrader hat;
0000252;V38;Investor;Keine Kommunikation; so konfiguriert dass er keinen Einfluss von anderen NoiseTrader hat;
0000253;V38;Investor;Keine Kommunikation; so konfiguriert dass er keinen Einfluss von anderen NoiseTrader hat;
0000254;V38;Investor;Keine Kommunikation; so konfiguriert dass er keinen Einfluss von anderen NoiseTrader hat;
0000255;V38;Investor;Keine Kommunikation; so konfiguriert dass er keinen Einfluss von anderen NoiseTrader hat;
0000256;V38;Investor;Keine Kommunikation; so konfiguriert dass er keinen Einfluss von anderen NoiseTrader hat;
0000257;V38;Investor;Keine Kommunikation; so konfiguriert dass er keinen Einfluss von anderen NoiseTrader hat;
0000258;V38;Investor;Keine Kommunikation; so konfiguriert dass er keinen Einfluss von anderen NoiseTrader hat;
0000259;V38;Investor;Keine Kommunikation; so konfiguriert dass er keinen Einfluss von anderen NoiseTrader hat;
0000260;V38;Investor;Keine Kommunikation; so konfiguriert dass er keinen Einfluss von anderen NoiseTrader hat;
0000261;V38;Investor;Keine Kommunikation; so konfiguriert dass er keinen Einfluss von anderen NoiseTrader hat;
0000262;V38;Investor;Keine Kommunikation; so konfiguriert dass er keinen Einfluss von anderen NoiseTrader hat;
0000263;V38;Investor;Keine Kommunikation; so konfiguriert dass er keinen Einfluss von anderen NoiseTrader hat;
0000264;V38;Investor;Keine Kommunikation; so konfiguriert dass er keinen Einfluss von anderen NoiseTrader hat;
0000265;V38;Investor;Keine Kommunikation; so konfiguriert dass er keinen Einfluss von anderen NoiseTrader hat;
0000266;V38;Investor;Keine Kommunikation; so konfiguriert dass er keinen Einfluss von anderen NoiseTrader hat;
0000267;V38;Investor;Keine Kommunikation; so konfiguriert dass er keinen Einfluss von anderen NoiseTrader hat;
0000268;V38;Investor;Keine Kommunikation; so konfiguriert dass er keinen Einfluss von anderen NoiseTrader hat;
0000269;V38;Investor;Keine Kommunikation; so konfiguriert dass er keinen Einfluss von anderen NoiseTrader hat;
0000270;V38;Investor;Keine Kommunikation; so konfiguriert dass er keinen Einfluss von anderen NoiseTrader hat;
0000271;V38;Investor;Keine Kommunikation; so konfiguriert dass er keinen Einfluss von anderen NoiseTrader hat;
0000272;V38;Investor;Keine Kommunikation; so konfiguriert dass er keinen Einfluss von anderen NoiseTrader hat;
0000273;V38;Investor;Keine Kommunikation; so konfiguriert dass er keinen Einfluss von anderen NoiseTrader hat;
0000274;V38;Investor;Keine Kommunikation; so konfiguriert dass er keinen Einfluss von anderen NoiseTrader hat;
0000275;V38;Investor;Keine Kommunikation; so konfiguriert dass er keinen Einfluss von anderen NoiseTrader hat;
0000276;V38;Investor;Keine Kommunikation; so konfiguriert dass er keinen Einfluss von anderen NoiseTrader hat;
0000277;V38;Investor;Keine Kommunikation; so konfiguriert dass er keinen Einfluss von anderen NoiseTrader hat;
0000278;V38;Investor;Keine Kommunikation; so konfiguriert dass er keinen Einfluss von anderen NoiseTrader hat;
0000279;V38;Investor;Keine Kommunikation; so konfiguriert dass er keinen Einfluss von anderen NoiseTrader hat;
0000280;V38;Investor;Keine Kommunikation; so konfiguriert dass er keinen Einfluss von anderen NoiseTrader hat;
0000281;V38;Investor;Keine Kommunikation; so konfiguriert dass er keinen Einfluss von anderen NoiseTrader hat;
0000282;V38;Investor;Keine Kommunikation; so konfiguriert dass er keinen Einfluss von anderen NoiseTrader hat;
0000283;V38;Investor;Keine Kommunikation; so konfiguriert dass er keinen Einfluss von anderen NoiseTrader hat;
0000284;V38;Investor;Keine Kommunikation; so konfiguriert dass er keinen Einfluss von anderen NoiseTrader hat;
0000285;V38;Investor;Keine Kommunikation; so konfiguriert dass er keinen Einfluss von anderen NoiseTrader hat;
0000286;V38;Investor;Keine Kommunikation; so konfiguriert dass er keinen Einfluss von anderen NoiseTrader hat;
0000287;V38;Investor;Keine Kommunikation; so konfiguriert dass er keinen Einfluss von anderen NoiseTrader hat;
0000288;V38;Investor;Keine Kommunikation; so konfiguriert dass er keinen Einfluss von anderen NoiseTrader hat;
0000289;V38;Investor;Keine Kommunikation; so konfiguriert dass er keinen Einfluss von anderen NoiseTrader hat;
0000290;V38;Investor;Keine Kommunikation; so konfiguriert dass er keinen Einfluss von anderen NoiseTrader hat;
0000291;V38;Investor;Keine Kommunikation; so konfiguriert dass er keinen Einfluss von anderen NoiseTrader hat;
0000292;V38;Investor;Keine Kommunikation; so konfiguriert dass er keinen Einfluss von anderen NoiseTrader hat;
0000293;V38;Investor;Keine Kommunikation; so konfiguriert dass er keinen Einfluss von anderen NoiseTrader hat;
0000294;V38;Investor;Keine Kommunikation; so konfiguriert dass er keinen Einfluss von anderen NoiseTrader hat;
0000295;V38;Investor;Keine Kommunikation; so konfiguriert dass er keinen Einfluss von anderen NoiseTrader hat;
0000296;V38;Investor;Keine Kommunikation; so konfiguriert dass er keinen Einfluss von anderen NoiseTrader hat;
0000297;V38;Investor;Keine Kommunikation; so konfiguriert dass er keinen Einfluss von anderen NoiseTrader hat;
0000298;V38;Investor;Keine Kommunikation; so konfiguriert dass er keinen Einfluss von anderen NoiseTrader hat;
0000299;V38;Investor;Keine Kommunikation; so konfiguriert dass er keinen Einfluss von anderen NoiseTrader hat;
0000300;V38;Investor;Keine Kommunikation; so konfiguriert dass er keinen Einfluss von anderen NoiseTrader hat;
0000301;V38;Investor;Keine Kommunikation; so konfiguriert dass er keinen Einfluss von anderen NoiseTrader hat;
0000302;V38;Investor;Keine Kommunikation; so konfiguriert dass er keinen Einfluss von anderen NoiseTrader hat;
0000303;V38;Investor;Keine Kommunikation; so konfiguriert dass er keinen Einfluss von anderen NoiseTrader hat;
0000304;V38;Investor;Keine Kommunikation; so konfiguriert dass er keinen Einfluss von anderen NoiseTrader hat;
0000305;V38;Investor;Keine Kommunikation; so konfiguriert dass er keinen Einfluss von anderen NoiseTrader hat;
0000306;V38;Investor;Keine Kommunikation; so konfiguriert dass er keinen Einfluss von anderen NoiseTrader hat;
0000307;V38;Investor;Keine Kommunikation; so konfiguriert dass er keinen Einfluss von anderen NoiseTrader hat;
0000308;V38;Investor;Keine Kommunikation; so konfiguriert dass er keinen Einfluss von anderen NoiseTrader hat;
0000309;V38;Investor;Keine Kommunikation; so konfiguriert dass er keinen Einfluss von anderen NoiseTrader hat;
0000310;V38;Investor;Keine Kommunikation; so konfiguriert dass er keinen Einfluss von anderen NoiseTrader hat;
0000311;V38;Investor;Keine Kommunikation; so konfiguriert dass er keinen Einfluss von anderen NoiseTrader hat;
0000312;V38;Investor;Keine Kommunikation; so konfiguriert dass er keinen Einfluss von anderen NoiseTrader hat;
0000313;V38;Investor;Keine Kommunikation; so konfiguriert dass er keinen Einfluss von anderen NoiseTrader hat;
0000314;V38;Investor;Keine Kommunikation; so konfiguriert dass er keinen Einfluss von anderen NoiseTrader hat;
0000315;V38;Investor;Keine Kommunikation; so konfiguriert dass er keinen Einfluss von anderen NoiseTrader hat;
0000316;V38;Investor;Keine Kommunikation; so konfiguriert dass er keinen Einfluss von anderen NoiseTrader hat;
0000317;V38;Investor;Keine Kommunikation; so konfiguriert dass er keinen Einfluss von anderen NoiseTrader hat;
0000318;V38;Investor;Keine Kommunikation; so konfiguriert dass er keinen Einfluss von anderen NoiseTrader hat;
0000319;V38;Investor;Keine Kommunikation; so konfiguriert dass er keinen Einfluss von anderen NoiseTrader hat;
0000320;V38;Investor;Keine Kommunikation; so konfiguriert dass er keinen Einfluss von anderen NoiseTrader hat;
0000321;V38;Investor;Keine Kommunikation; so konfiguriert dass er keinen Einfluss von anderen NoiseTrader hat;
0000322;V38;Investor;Keine Kommunikation; so konfiguriert dass er keinen Einfluss von anderen NoiseTrader hat;
0000323;V38;Investor;Keine Kommunikation; so konfiguriert dass er keinen Einfluss von anderen NoiseTrader hat;
0000324;V38;Investor;Keine Kommunikation; so konfiguriert dass er keinen Einfluss von anderen NoiseTrader hat;
0000325;V38;Investor;Keine Kommunikation; so konfiguriert dass er keinen Einfluss von anderen NoiseTrader hat;
0000326;V38;Investor;Keine Kommunikation; so konfiguriert dass er keinen Einfluss von anderen NoiseTrader hat;
0000327;V38;Investor;Keine Kommunikation; so konfiguriert dass er keinen Einfluss von anderen NoiseTrader hat;
0000328;V38;Investor;Keine Kommunikation; so konfiguriert dass er keinen Einfluss von anderen NoiseTrader hat;
0000329;V38;Investor;Keine Kommunikation; so konfiguriert dass er keinen Einfluss von anderen NoiseTrader hat;
0000330;V38;Investor;Keine Kommunikation; so konfiguriert dass er keinen Einfluss von anderen NoiseTrader hat;
0000331;V38;Investor;Keine Kommunikation; so konfiguriert dass er keinen Einfluss von anderen NoiseTrader hat;
0000332;V38;Investor;Keine Kommunikation; so konfiguriert dass er keinen Einfluss von anderen NoiseTrader hat;
0000333;V38;Investor;Keine Kommunikation; so konfiguriert dass er keinen Einfluss von anderen NoiseTrader hat;
0000334;V38;Investor;Keine Kommunikation; so konfiguriert dass er keinen Einfluss von anderen NoiseTrader hat;
0000335;V38;Investor;Keine Kommunikation; so konfiguriert dass er keinen Einfluss von anderen NoiseTrader hat;
0000336;V38;Investor;Keine Kommunikation; so konfiguriert dass er keinen Einfluss von anderen NoiseTrader hat;
0000337;V38;Investor;Keine Kommunikation; so konfiguriert dass er keinen Einfluss von anderen NoiseTrader hat;
0000338;V38;Investor;Keine Kommunikation; so konfiguriert dass er keinen Einfluss von anderen NoiseTrader hat;
0000339;V38;Investor;Keine Kommunikation; so konfiguriert dass er keinen Einfluss von anderen NoiseTrader hat;
0000340;V38;Investor;Keine Kommunikation; so konfiguriert dass er keinen Einfluss von anderen NoiseTrader hat;
0000341;V38;Investor;Keine Kommunikation; so konfiguriert dass er keinen Einfluss von anderen NoiseTrader hat;
0000342;V38;Investor;Keine Kommunikation; so konfiguriert dass er keinen Einfluss von anderen NoiseTrader hat;
0000343;V38;Investor;Keine Kommunikation; so konfiguriert dass er keinen Einfluss von anderen NoiseTrader hat;
0000344;V38;Investor;Keine Kommunikation; so konfiguriert dass er keinen Einfluss von anderen NoiseTrader hat;
0000345;V38;Investor;Keine Kommunikation; so konfiguriert dass er keinen Einfluss von anderen NoiseTrader hat;
0000346;V38;Investor;Keine Kommunikation; so konfiguriert dass er keinen Einfluss von anderen NoiseTrader hat;
0000347;V38;Investor;Keine Kommunikation; so konfiguriert dass er keinen Einfluss von anderen NoiseTrader hat;
0000348;V38;Investor;Keine Kommunikation; so konfiguriert dass er keinen Einfluss von anderen NoiseTrader hat;
0000349;V38;Investor;Keine Kommunikation; so konfiguriert dass er keinen Einfluss von anderen NoiseTrader hat;
0000350;V38;Investor;Keine Kommunikation; so konfiguriert dass er keinen Einfluss von anderen NoiseTrader hat;
0000351;V38;Investor;Keine Kommunikation; so konfiguriert dass er keinen Einfluss von anderen NoiseTrader hat;
0000352;V38;Investor;Keine Kommunikation; so konfiguriert dass er keinen Einfluss von anderen NoiseTrader hat;
0000353;V38;Investor;Keine Kommunikation; so konfiguriert dass er keinen Einfluss von anderen NoiseTrader hat;
0000354;V38;Investor;Keine Kommunikation; so konfiguriert dass er keinen Einfluss von anderen NoiseTrader hat;
0000355;V38;Investor;Keine Kommunikation; so konfiguriert dass er keinen Einfluss von anderen NoiseTrader hat;
0000356;V38;Investor;Keine Kommunikation; so konfiguriert dass er keinen Einfluss von anderen NoiseTrader hat;
0000357;V38;Investor;Keine Kommunikation; so konfiguriert dass er keinen Einfluss von anderen NoiseTrader hat;
0000358;V38;Investor;Keine Kommunikation; so konfiguriert dass er keinen Einfluss von anderen NoiseTrader hat;
0000359;V38;Investor;Keine Kommunikation; so konfiguriert dass er keinen Einfluss von anderen NoiseTrader hat;
0000360;V38;Investor;Keine Kommunikation; so konfiguriert dass er keinen Einfluss von anderen NoiseTrader hat;
0000361;V38;Investor;Keine Kommunikation; so konfiguriert dass er keinen Einfluss von anderen NoiseTrader hat;
0000362;V38;Investor;Keine Kommunikation; so konfiguriert dass er keinen Einfluss von anderen NoiseTrader hat;
0000363;V38;Investor;Keine Kommunikation; so konfiguriert dass er keinen Einfluss von anderen NoiseTrader hat;
0000364;V38;Investor;Keine Kommunikation; so konfiguriert dass er keinen Einfluss von anderen NoiseTrader hat;
0000365;V38;Investor;Keine Kommunikation; so konfiguriert dass er keinen Einfluss von anderen NoiseTrader hat;
0000366;V38;Investor;Keine Kommunikation; so konfiguriert dass er keinen Einfluss von anderen NoiseTrader hat;
0000367;V38;Investor;Keine Kommunikation; so konfiguriert dass er keinen Einfluss von anderen NoiseTrader hat;
0000368;V38;Investor;Keine Kommunikation; so konfiguriert dass er keinen Einfluss von anderen NoiseTrader hat;
0000369;V38;Investor;Keine Kommunikation; so konfiguriert dass er keinen Einfluss von anderen NoiseTrader hat;
0000370;V38;Investor;Keine Kommunikation; so konfiguriert dass er keinen Einfluss von anderen NoiseTrader hat;
0000371;V38;Investor;Keine Kommunikation; so konfiguriert dass er keinen Einfluss von anderen NoiseTrader hat;
0000372;V38;Investor;Keine Kommunikation; so konfiguriert dass er keinen Einfluss von anderen NoiseTrader hat;
0000373;V38;Investor;Keine Kommunikation; so konfiguriert dass er keinen Einfluss von anderen NoiseTrader hat;
0000374;V38;Investor;Keine Kommunikation; so konfiguriert dass er keinen Einfluss von anderen NoiseTrader hat;
0000375;V38;Investor;Keine Kommunikation; so konfiguriert dass er keinen Einfluss von anderen NoiseTrader hat;
0000376;V38;Investor;Keine Kommunikation; so konfiguriert dass er keinen Einfluss von anderen NoiseTrader hat;
0000377;V38;Investor;Keine Kommunikation; so konfiguriert dass er keinen Einfluss von anderen NoiseTrader hat;
0000378;V38;Investor;Keine Kommunikation; so konfiguriert dass er keinen Einfluss von anderen NoiseTrader hat;
0000379;V38;Investor;Keine Kommunikation; so konfiguriert dass er keinen Einfluss von anderen NoiseTrader hat;
0000380;V38;Investor;Keine Kommunikation; so konfiguriert dass er keinen Einfluss von anderen NoiseTrader hat;
0000381;V38;Investor;Keine Kommunikation; so konfiguriert dass er keinen Einfluss von anderen NoiseTrader hat;
0000382;V38;Investor;Keine Kommunikation; so konfiguriert dass er keinen Einfluss von anderen NoiseTrader hat;
0000383;V38;Investor;Keine Kommunikation; so konfiguriert dass er keinen Einfluss von anderen NoiseTrader hat;
0000384;V38;Investor;Keine Kommunikation; so konfiguriert dass er keinen Einfluss von anderen NoiseTrader hat;
0000385;V38;Investor;Keine Kommunikation; so konfiguriert dass er keinen Einfluss von anderen NoiseTrader hat;
0000386;V38;Investor;Keine Kommunikation; so konfiguriert dass er keinen Einfluss von anderen NoiseTrader hat;
0000387;V38;Investor;Keine Kommunikation; so konfiguriert dass er keinen Einfluss von anderen NoiseTrader hat;
0000388;V38;Investor;Keine Kommunikation; so konfiguriert dass er keinen Einfluss von anderen NoiseTrader hat;
0000389;V38;Investor;Keine Kommunikation; so konfiguriert dass er keinen Einfluss von anderen NoiseTrader hat;
0000390;V38;Investor;Keine Kommunikation; so konfiguriert dass er keinen Einfluss von anderen NoiseTrader hat;
0000391;V38;Investor;Keine Kommunikation; so konfiguriert dass er keinen Einfluss von anderen NoiseTrader hat;
0000392;V38;Investor;Keine Kommunikation; so konfiguriert dass er keinen Einfluss von anderen NoiseTrader hat;
0000393;V38;Investor;Keine Kommunikation; so konfiguriert dass er keinen Einfluss von anderen NoiseTrader hat;
0000394;V38;Investor;Keine Kommunikation; so konfiguriert dass er keinen Einfluss von anderen NoiseTrader hat;
0000395;V38;Investor;Keine Kommunikation; so konfiguriert dass er keinen Einfluss von anderen NoiseTrader hat;
0000396;V38;Investor;Keine Kommunikation; so konfiguriert dass er keinen Einfluss von anderen NoiseTrader hat;
0000397;V38;Investor;Keine Kommunikation; so konfiguriert dass er keinen Einfluss von anderen NoiseTrader hat;
0000398;V38;Investor;Keine Kommunikation; so konfiguriert dass er keinen Einfluss von anderen NoiseTrader hat;
0000399;V38;Investor;Keine Kommunikation; so konfiguriert dass er keinen Einfluss von anderen NoiseTrader hat;
